﻿Date,Assignee,Description,Due date,Priority,Status,Task type,Updated at
Week 1,Phu Bui,"
- Tải datasets ( Kaggle)- Viết data card (nguồn, biến, target)- Làm EDA sơ bộ (phân bố, Pass/Fail ratio)- Đọc papers liên quan để hiểu vấn đề

",15/09/2025 → 19/09/2025,High,Done,Research,"September 19, 2025 9:02 PM"
Week 2,Phu Bui,"
- Làm sạch dữ liệu (missing, outlier)- Encode categorical (OneHot, Label)- Xử lý imbalance (SMOTE, class_weight)- EDA sâu (correlation, mutual info, boxplot)

",21/09/2025 → 26/09/2025,High,Not started,"Research, code","September 15, 2025 11:29 AM"
Week 3,Phu Bui,"- Xây baseline models (Majority, Logistic Regression, Decision Tree)- Thiết lập Cross-validation- Viết hàm evaluate (Accuracy, Precision, Recall, F1, ROC-AUC)",28/09/2025 → 03/10/2025,High,Not started,"Research, code","September 15, 2025 11:29 AM"
Week 4,Phu Bui,"
- Train advanced models (RF, XGBoost, SVM, Neural Net)- Lưu kết quả CV vào bảng- So sánh sơ bộ classical vs. advanced

",05/10/2025 → 10/10/2025,High,Not started,"Research, code","September 15, 2025 3:07 PM"
Week 5,Phu Bui,"
- Hyperparameter tuning (Optuna/RandomizedSearchCV)- Thử class_weight/SMOTE trong pipeline- Đánh giá mô hình tối ưu

",12/10/2025 → 17/10/2025,High,Not started,"Research, code","September 15, 2025 3:07 PM"
Week 6,Phu Bui,"- Tính Feature Importance (RF, XGBoost)- Dùng SHAP để giải thích mô hình- Vẽ biểu đồ (SHAP beeswarm, bar, PDP/ICE)- Viết RQ1 findings",19/10/2025 → 24/10/2025,High,Not started,"Research, code","September 15, 2025 3:07 PM"
Week 7,Phu Bui,"
- So sánh classical vs. advanced models (RQ4)- Thống kê kiểm định (Wilcoxon)- Viết RQ2–RQ4 findings- (Optional) xây mock demo early warning (RQ5)

",26/10/2025 → 31/10/2025,High,Not started,"Research, code","September 15, 2025 3:07 PM"
Week 8,Phu Bui,"- Viết thesis đầy đủ (Intro → Conclusion)- Trình bày bảng/biểu đẹp- Thêm Appendix (dataset info, tham số, full results)- Kiểm tra & hoàn thiện",02/11/2025 → 07/11/2025,High,Not started,"Research, code","September 15, 2025 3:08 PM"